Code;Tipo;Especie;Region;River;Sr;Ba;Iso
JMiNAC01;Juvenil;A.fallax;Galicia;Minho;0,986989376;19,138636;0,715113101
JMiNAC02;Juvenil;A.fallax;Galicia;Minho;1,110049229;25,59850393;0,714968233
JMiNAC03;Juvenil;A.fallax;Galicia;Minho;1,223977073;12,58106559;
JMiNAC04;Juvenil;A.fallax;Galicia;Minho;0,94236434;17,86234448;0,715360558
JMiNAC05;Juvenil;A.fallax;Galicia;Minho;1,108295432;17,89727594;0,715534811
JMiNAC06;Juvenil;A.fallax;Galicia;Minho;0,909447395;30,11997052;0,71534445
JMiNAC07;Juvenil;A.fallax;Galicia;Minho;0,884511116;18,25883349;0,715120837
JMiNAC08;Juvenil;A.fallax;Galicia;Minho;1,159192666;19,03089577;
JMiNAC09;Juvenil;A.fallax;Galicia;Minho;0,839808681;15,2546378;
JMiNAC10;Juvenil;A.fallax;Galicia;Minho;1,349677215;18,86342364;
JMiNAC11;Juvenil;A.fallax;Galicia;Minho;1,495448989;22,51215136;
JMiNAC12;Juvenil;A.fallax;Galicia;Minho;1,193784389;21,50708034;
JMiNAC13;Juvenil;A.fallax;Galicia;Minho;1,226168846;17,30114507;
JMiNAC14;Juvenil;A.fallax;Galicia;Minho;0,861553327;14,25913508;
JMiNAC15;Juvenil;A.fallax;Galicia;Minho;1,24871227;16,68519516;
JMiNAC16;Juvenil;A.fallax;Galicia;Minho;1,310567181;21,82291577;
JMiNAC17;Juvenil;A.fallax;Galicia;Minho;1,134078304;15,94920278;
JMiNAC18;Juvenil;A.fallax;Galicia;Minho;1,304116407;12,95237565;
JMiNAC19;Juvenil;A.fallax;Galicia;Minho;1,184064625;15,45628369;
JMiNAC20;Juvenil;A.fallax;Galicia;Minho;1,149588794;18,13919938;
JMiNAC21;Juvenil;A.fallax;Galicia;Minho;1,169332425;16,5821714;
JMiNAC22;Juvenil;A.fallax;Galicia;Minho;1,220393233;14,5286487;
JMiNAC23;Juvenil;A.fallax;Galicia;Minho;1,294099705;20,79443749;
JMiNAC24;Juvenil;A.fallax;Galicia;Minho;0,930172021;14,79190847;
JMiNAC25;Juvenil;A.fallax;Galicia;Minho;1,091199567;13,50500084;
JMiNAC26;Juvenil;A.fallax;Galicia;Minho;1,263418732;15,15279233;
JMiNAC27;Juvenil;A.fallax;Galicia;Minho;1,131343031;16,86710956;
JMiNAC28;Juvenil;A.fallax;Galicia;Minho;1,618236388;11,11385634;
JUlNAC01;Juvenil;A.fallax;Galicia;Ulla;1,619473216;20,15959448;
JUlNAC02;Juvenil;A.fallax;Galicia;Ulla;1,445979705;20,32368122;
JUlNAC03;Juvenil;A.fallax;Galicia;Ulla;1,666333071;21,28154549;
JUlNAC04;Juvenil;A.fallax;Galicia;Ulla;1,334069011;25,68221316;
JUlNAC05;Juvenil;A.fallax;Galicia;Ulla;1,494161404;24,72348801;
JUlNAC06;Juvenil;A.fallax;Galicia;Ulla;1,708200529;29,71016048;
JUlNAC07;Juvenil;A.fallax;Galicia;Ulla;1,462714535;22,44143599;
JUlNAC08;Juvenil;A.fallax;Galicia;Ulla;1,389647379;26,47709185;
JUlNAC09;Juvenil;A.fallax;Galicia;Ulla;1,455952932;34,21886686;
JUlNAC10;Juvenil;A.fallax;Galicia;Ulla;1,36130773;24,549059;
JUlNAC11;Juvenil;A.fallax;Galicia;Ulla;1,727163548;23,36598845;
JUlNAC12;Juvenil;A.fallax;Galicia;Ulla;1,522819056;27,79927521;0,714830733
JUlNAC13;Juvenil;A.fallax;Galicia;Ulla;1,590569207;26,60939175;
JUlNAC14;Juvenil;A.fallax;Galicia;Ulla;1,781556078;25,3762818;
JUlNAC15;Juvenil;A.fallax;Galicia;Ulla;1,536156728;21,53118162;
JUlNAC16;Juvenil;A.fallax;Galicia;Ulla;1,598937511;21,81636211;
JUlNAC17;Juvenil;A.fallax;Galicia;Ulla;1,60379657;15,94262812;
JUlNAC18;Juvenil;A.fallax;Galicia;Ulla;1,980145557;22,57866121;
JUlNAC19;Juvenil;A.fallax;Galicia;Ulla;1,574307236;16,81041869;
JUlNAC20;Juvenil;A.fallax;Galicia;Ulla;1,532626592;20,60411151;
JUlNAC21;Juvenil;A.fallax;Galicia;Ulla;1,524154785;22,04036371;
JUlNAC22;Juvenil;A.fallax;Galicia;Ulla;1,544815499;25,006218;
JUlNAC23;Juvenil;A.fallax;Galicia;Ulla;1,512187332;24,64423497;
JUlNAC24;Juvenil;A.fallax;Galicia;Ulla;1,699547481;25,51068842;
JUlNAC25;Juvenil;A.fallax;Galicia;Ulla;1,298111514;15,76681767;
JUlNAC26;Juvenil;A.fallax;Galicia;Ulla;1,58799427;22,86597175;0,714527307
JUlNAC27;Juvenil;A.fallax;Galicia;Ulla;1,471652491;21,98976125;0,714514
JUlNAC28;Juvenil;A.fallax;Galicia;Ulla;1,681757596;20,55838543;0,714498757
JUlNAC29;Juvenil;A.fallax;Galicia;Ulla;1,823331049;23,29855868;
JUlNAC30;Juvenil;A.fallax;Galicia;Ulla;1,952368957;22,80782941;0,714515562
JLoMAR01;Juvenil;A.alosa;Francia;Loire;0,637520689;20,85120131;0,71114926
JLoMAR02;Juvenil;A.alosa;Francia;Loire;0,985159144;27,56424589;0,711828833
JLoMAR03;Juvenil;A.alosa;Francia;Loire;1,052141839;38,77299323;0,711906315
JLoMAR04;Juvenil;A.alosa;Francia;Loire;0,725280543;24,97698109;0,711146668
JBlMAR01;Juvenil;A.alosa;Francia;Blavet;0,962979744;20,25135137;0,71380893
JBlMAR02;Juvenil;A.alosa;Francia;Blavet;1,459377727;30,73523178;0,713472897
JBlMAR03;Juvenil;A.alosa;Francia;Blavet;1,324749808;40,83449702;0,713547384
JBlMAR04;Juvenil;A.alosa;Francia;Blavet;1,57622913;25,79859067;0,713327894
JBlMAR05;Juvenil;A.alosa;Francia;Blavet;1,181612515;21,12090394;0,713722514
JBlMAR06;Juvenil;A.alosa;Francia;Blavet;1,110043256;21,87509917;0,713670497
JBlMAR07;Juvenil;A.alosa;Francia;Blavet;1,659761026;22,89934066;0,713726017
JBlMAR08;Juvenil;A.alosa;Francia;Blavet;1,251247427;24,16213027;0,711952515
JBlMAR09;Juvenil;A.alosa;Francia;Blavet;0,964879497;17,82789133;0,713263664
JBlMAR10;Juvenil;A.alosa;Francia;Blavet;1,123384597;25,56383291;0,713329799
JBlMAR11;Juvenil;A.alosa;Francia;Blavet;1,10215082;25,72213579;0,712926824
JBlMAR12;Juvenil;A.alosa;Francia;Blavet;1,361401258;26,30712101;0,713734538
JBlMAR13;Juvenil;A.alosa;Francia;Blavet;1,220466307;30,94284975;0,713484779
JBlMAR14;Juvenil;A.alosa;Francia;Blavet;1,115624997;32,46749178;0,71359665
JBlMAR15;Juvenil;A.alosa;Francia;Blavet;1,343434172;22,72297257;0,713469962
JBlMAR16;Juvenil;A.alosa;Francia;Blavet;1,518024834;31,79519134;0,713679605
JViMAR01;Juvenil;A.alosa;Francia;Vilaine;0,825995366;5,807425635;0,712982718
JDoMAR01;Juvenil;A.alosa;Francia;Dordogne;0,682968809;12,02340912;0,709190169
JDoMAR02;Juvenil;A.alosa;Francia;Dordogne;0,671759422;12,18337195;0,708860236
JDoMAR03;Juvenil;A.alosa;Francia;Dordogne;0,648175873;12,3142115;0,708847285
RUlNAC01;Agua;Agua;Galicia;Ulla;5,532080022;1973,106667;0,71358178
RUlNAC02;Agua;Agua;Galicia;Ulla;6,066353577;2866,936199;0,714434575
RUlNAC03;Agua;Agua;Galicia;Ulla;6,001854452;2468,68739;0,714502675
RUlNAC04;Agua;Agua;Galicia;Ulla;5,83765515;2116,71759;0,714546775
RUlNAC05;Agua;Agua;Galicia;Ulla;6,886965787;1949,131259;0,713089395
RMiNAC01;Agua;Agua;Galicia;Minho;4,545228574;1493,852694;0,71566389
RMiNAC02;Agua;Agua;Galicia;Minho;4,666637702;1347,980728;0,71584969
RMiNAC03;Agua;Agua;Galicia;Minho;4,360860861;1222,071641;0,71571309
RMiNAC04;Agua;Agua;Galicia;Minho;4,299318081;1378,968918;0,715399733
RMiNAC05;Agua;Agua;Galicia;Minho;4,774302407;1773,837608;0,715921926
RDoGIL01;Agua;Agua;Francia;Dordogne;4,087767832;858,9102785;0,708890296
RDoGIL02;Agua;Agua;Francia;Dordogne;3,543481172;929,0914229;0,709176205
RDoGIL03;Agua;Agua;Francia;Dordogne;4,107289541;214,4814027;0,708786721
RLoGIL01;Agua;Agua;Francia;Loire;4,554031085;1815,138823;0,711810475
RLoGIL02;Agua;Agua;Francia;Loire;5,684226773;1642,785506;0,711702819
RLoGIL03;Agua;Agua;Francia;Loire;4,693754212;1512,927569;0,711650241
RLoGIL04;Agua;Agua;Francia;Loire;4,823465425;1465,270173;0,711207863
RBlGIL01;Agua;Agua;Francia;Blavet;7,300297288;1838,092594;0,712982712
RBlGIL02;Agua;Agua;Francia;Blavet;7,204066128;2445,918182;0,713319905
RViGIL01;Agua;Agua;Francia;Vilaine;4,554476158;691,3771533;0,711752034
RViGIL02;Agua;Agua;Francia;Vilaine;5,945483771;973,4896284;0,712357252
RViGIL03;Agua;Agua;Francia;Vilaine;4,495960411;1230,877957;0,712952237
RViGIL04;Agua;Agua;Francia;Vilaine;3,983746;946,4865324;0,712608432
REoGIL01;Agua;Agua;Asturias;Eo;4,15335915;2244,115929;0,714196886
RNaGIL01;Agua;Agua;Asturias;Nalon;6,115587104;581,5671326;0,709599355
RSeGIL01;Agua;Agua;Asturias;Sella;2,640944746;299,4990354;0,70892008
RDeGIL01;Agua;Agua;Asturias;Deva;0,924840658;160,160253;0,70906503
RDeGIL02;Agua;Agua;Asturias;Deva;1,452462818;245,1617624;0,710018872
RPaGIL01;Agua;Agua;Asturias;Pas;7,996135998;416,676896;0,708025341
RAsGIL01;Agua;Agua;Asturias;Ason;3,145367803;119,6994548;0,707801282
RLiGIL01;Agua;Agua;Portugal;Lima;6,595938546;3132,612032;0,722640573
RMoGIL01;Agua;Agua;Portugal;Mondego;3,783616963;885,8336099;0,716562002
JMiMAR01;Juvenil;A.alosa;Galicia;Minho;0,652461714;12,40644363;0,716284467
JMiMAR02;Juvenil;A.alosa;Galicia;Minho;0,679844969;15,58612947;0,715528669
JMiMAR03;Juvenil;A.alosa;Galicia;Minho;0,74651444;15,09533901;0,715307835
JMiMAR04;Juvenil;A.alosa;Galicia;Minho;0,74948422;12,96506125;0,71599748
JMiMAR05;Juvenil;A.alosa;Galicia;Minho;0,695393758;8,499997814;0,716618627
JMiMAR06;Juvenil;A.alosa;Galicia;Minho;0,867232439;17,29495121;0,715645167
JMiMAR07;Juvenil;A.alosa;Galicia;Minho;0,712678261;13,83655421;0,715478817
JMiMAR08;Juvenil;A.alosa;Galicia;Minho;0,850349029;13,33657526;0,715705792
JMiMAR09;Juvenil;A.alosa;Galicia;Minho;0,700654465;14,29996306;0,715865128
JMiMAR10;Juvenil;A.alosa;Galicia;Minho;0,776050929;18,75501056;0,71551926
JMiMAR11;Juvenil;A.alosa;Galicia;Minho;0,785131823;11,9521277;0,716156971
JMiMAR12;Juvenil;A.alosa;Galicia;Minho;0,928804377;10,7945009;0,716337086
JMiMAR13;Juvenil;A.alosa;Galicia;Minho;0,854440348;14,05286912;0,716106839
JMiMAR14;Juvenil;A.alosa;Galicia;Minho;0,828343164;14,06784417;0,715954507
JMiMAR15;Juvenil;A.alosa;Galicia;Minho;0,835834463;12,07117073;0,716212109
JMiMAR16;Juvenil;A.alosa;Galicia;Minho;0,776304478;14,81981071;0,716385263
JMiMAR17;Juvenil;A.alosa;Galicia;Minho;0,927222574;12,45807075;0,716315826
JMiMAR18;Juvenil;A.alosa;Galicia;Minho;0,839404621;12,2338928;0,716094725
JMiMAR19;Juvenil;A.alosa;Galicia;Minho;0,800681836;9,721441522;0,715322672
JMiMAR20;Juvenil;A.alosa;Galicia;Minho;0,931355491;13,30512376;0,715487048
AGaNAC01;Agua;Agua;Francia;Garonne;3,638400701;867,5816907;0,710153553
AGaNAC02;Agua;Agua;Francia;Garonne;3,002444358;687,3394756;0,7105055
AGaNAC03;Agua;Agua;Francia;Garonne;3,795888595;692,5803031;0,710237101
AGaNAC04;Agua;Agua;Francia;Garonne;3,217085218;241,9595771;0,7101819
AGaNAC05;Agua;Agua;Francia;Garonne;3,152033019;778,6462999;0,710428
AGaNAC06;Agua;Agua;Francia;Garonne;2,913258563;842,4078859;0,710107501
AFiDIA01;Adulto;A.alosa;Galicia;Fisterra;0,981468;12,0818;0,716428274
AFiDIA02;Adulto;A.alosa;Galicia;Fisterra;1,156055;13,1102;0,715040638
AFiDIA03;Adulto;A.alosa;Galicia;Fisterra;1,60364;7,19955;0,71122565
AFiDIA04;Adulto;A.alosa;Galicia;Fisterra;1,099808;17,3177;0,717093332
AFiDIA06;Adulto;A.alosa;Galicia;Fisterra;0,820179;20,3718;0,715577757
AFiDIA07;Adulto;A.alosa;Galicia;Fisterra;0,853182;9,01653;0,714566177
AFiDIA12;Adulto;A.alosa;Galicia;Fisterra;1,510996;6,28798;0,717155428
AFiDIA13;Adulto;A.alosa;Galicia;Fisterra;1,235013;14,3897;
AFiDIA14;Adulto;A.alosa;Galicia;Fisterra;1,167778;11,6049;0,718928312
AFiDIA15;Adulto;A.alosa;Galicia;Fisterra;0,942287;12,9534;0,714698225
AFiDIA16;Adulto;A.alosa;Galicia;Fisterra;1,014605;26,7417;0,71556546
AMaDIA01;Adulto;A.alosa;Galicia;Malpica;0,934075;11,4321;0,716577833
AMaDIA02;Adulto;A.alosa;Galicia;Malpica;0,923782;31,6385;0,71507609
AMaDIA04;Adulto;A.alosa;Galicia;Malpica;1,123;36,191;0,714764
AMaDIA06;Adulto;A.alosa;Galicia;Malpica;2,115087;19,3592;0,719147658
AMaDIA07;Adulto;A.alosa;Galicia;Malpica;3,67;8,46379;0,710827
AMaDIA09;Adulto;A.alosa;Galicia;Malpica;1,30963;8,10301;0,713276826
AMaDIA10;Adulto;A.alosa;Galicia;Malpica;1,479603;32,6596;0,713993292
AMaDIA11;Adulto;A.alosa;Galicia;Malpica;1,510425;22,702;0,716965008
AMaDIA12;Adulto;A.fallax;Galicia;Malpica;2,920212;6,76237;0,709104771
AMaDIA13;Adulto;A.alosa;Galicia;Malpica;2,16;3,68699;0,70982
AMaDIA15;Adulto;A.alosa;Galicia;Malpica;0,975321;6,66929;0,714309655
AMaDIA16;Adulto;A.alosa;Galicia;Malpica;1,175097;5,4414;0,711831098
AMaDIA17;Adulto;A.alosa;Galicia;Malpica;1,465534;26,3556;0,716036181
AMaDIA19;Adulto;A.alosa;Galicia;Malpica;1,651755;4,07292;0,715730087
AMaDIA21;Adulto;A.alosa;Galicia;Malpica;2,616207;5,1816;0,710280016
AMaDIA22;Adulto;A.alosa;Galicia;Malpica;1,657944;41,6365;0,719162326
AMaDIA23;Adulto;A.alosa;Galicia;Malpica;1,125113;8,26046;0,714838599
AMaDIA24;Adulto;A.alosa;Galicia;Malpica;0,784898;8,42081;0,709876596
AMaDIA25;Adulto;A.alosa;Galicia;Malpica;1,700389;9,84046;0,709824018
AMaDIA27;Adulto;A.alosa;Galicia;Malpica;0,870255;6,03959;0,713032181
AMaDIA28;Adulto;A.alosa;Galicia;Malpica;1,129415;17,3259;0,716437499
AMaDIA29;Adulto;A.alosa;Galicia;Malpica;2,569665;0,906724;0,707706532
AMaDIA30;Adulto;A.alosa;Galicia;Malpica;0,79386;12,7916;0,710752544
AMaDIA31;Adulto;A.alosa;Galicia;Malpica;1,464212;15,4568;0,710573684
AMaDIA32;Adulto;A.alosa;Galicia;Malpica;0,740168;10,5129;0,710600871
JDoNAC01;Juvenil;A.fallax;Francia;Dordogne;1,918666313;13,79046049;0,709531385
JDoNAC02;Juvenil;A.fallax;Francia;Dordogne;1,493788934;18,63231572;0,709453879
JDoNAC03;Juvenil;A.fallax;Francia;Dordogne;0,729518367;16,82201775;0,709352299
JDoNAC04;Juvenil;A.fallax;Francia;Dordogne;0,984283277;20,87032707;0,70927516
JDoNAC05;Juvenil;A.fallax;Francia;Dordogne;0,77565362;20,00136923;0,709174764
JDoNAC06;Juvenil;A.fallax;Francia;Dordogne;0,682881802;15,74826819;0,709102315
JDoNAC07;Juvenil;A.fallax;Francia;Dordogne;0,622232195;12,14201655;0,708990736
JDoNAC08;Juvenil;A.fallax;Francia;Dordogne;1,65408336;22,01632014;0,709426739
JDoNAC09;Juvenil;A.fallax;Francia;Dordogne;0,64195024;14,90756355;0,709229179
JDoNAC10;Juvenil;A.fallax;Francia;Dordogne;0,952929776;12,31946338;0,709152888
JDoNAC11;Juvenil;A.fallax;Francia;Dordogne;0,881675099;19,88197182;0,709503
JDoNAC12;Juvenil;A.fallax;Francia;Dordogne;1,302337983;16,91711944;0,709503112
JDoNAC13;Juvenil;A.fallax;Francia;Dordogne;0,633949324;14,63288703;0,709100928
JDoNAC14;Juvenil;A.fallax;Francia;Dordogne;1,65408336;22,01632014;0,709494081
JGaNAC01;Juvenil;A.fallax;Francia;Garonne;0,828589157;13,89659381;0,709282334
JGaNAC02;Juvenil;A.fallax;Francia;Garonne;1,066380554;16,95089687;0,709067091
JGaNAC03;Juvenil;A.fallax;Francia;Garonne;2,460710347;36,98123178;0,709392488
JGaNAC04;Juvenil;A.fallax;Francia;Garonne;1,033672273;13,79493778;0,70943583
JGaNAC05;Juvenil;A.fallax;Francia;Garonne;0,929150232;11,73137708;0,710073988
JGaNAC06;Juvenil;A.fallax;Francia;Garonne;0,937714199;17,19627422;0,710359335
JGaNAC07;Juvenil;A.fallax;Francia;Garonne;0,85071106;13,61090756;0,710379635
JGaNAC08;Juvenil;A.fallax;Francia;Garonne;1,05050984;21,12735314;0,709437007
JGaNAC09;Juvenil;A.fallax;Francia;Garonne;1,033672273;13,79493778;0,70937248
JGaNAC10;Juvenil;A.fallax;Francia;Garonne;1,033672273;13,79493778;0,709377805
JGaNAC11;Juvenil;A.fallax;Francia;Garonne;0,849531868;15,172035;0,710095173
JGaNAC12;Juvenil;A.fallax;Francia;Garonne;1,2306486;12,6569339;0,709726483
JGaNAC13;Juvenil;A.fallax;Francia;Garonne;1,110551202;12,96902277;0,710310799
JGaNAC14;Juvenil;A.fallax;Francia;Garonne;0,908643488;14,22115804;0,710303375
JGaNAC15;Juvenil;A.fallax;Francia;Garonne;0,824861199;13,28446392;0,710349643
JGaNAC16;Juvenil;A.fallax;Francia;Garonne;0,818741467;13,34668048;0,710262508
JGaNAC17;Juvenil;A.fallax;Francia;Garonne;0,963230649;20,18234405;0,710329141
JGaNAC18;Juvenil;A.fallax;Francia;Garonne;1,15684815;16,89694757;0,709958892
JGaNAC19;Juvenil;A.fallax;Francia;Garonne;1,019651658;21,38903472;0,710531986
AaCor01;Adulto;A.fallax;Galicia;Corunha;2,845842648;5,490191335;0,709900636
AaCor10;Adulto;A.alosa;Galicia;Corunha;1,36511206;35,64930795;0,717275455
AaCor106;Adulto;A.fallax;Galicia;Corunha;0,969633061;18,44577011;0,711943895
AaCor108;Adulto;A.alosa;Galicia;Corunha;0,826161934;11,65172773;0,71896307
AaCor116;Adulto;A.fallax;Galicia;Corunha;1,16820804;19,09923034;0,715951893
AaCor12;Adulto;A.fallax;Galicia;Corunha;1,330946328;17,72788639;0,712540853
AaCor122;Adulto;A.alosa;Galicia;Corunha;0,983327167;7,135970226;0,71017569
AaCor136;Adulto;A.alosa;Galicia;Corunha;1,729350215;21,03430378;0,713966771
AaCor141;Adulto;A.fallax;Galicia;Corunha;1,730382211;23,77007389;0,713274525
AaCor144;Adulto;A.fallax;Galicia;Corunha;2,572219962;7,615688819;0,709820713
AaCor150;Adulto;A.fallax;Galicia;Corunha;1,734128441;30,39177124;0,713860221
AaCor159;Adulto;A.fallax;Galicia;Corunha;2,898773342;8,096522211;0,709294391
AaCor24;Adulto;A.alosa;Galicia;Corunha;0,544894853;7,470242418;0,717963021
AaCor26;Adulto;A.alosa;Galicia;Corunha;1,720739077;15,41415567;0,710060911
AaCor32;Adulto;A.alosa;Galicia;Corunha;0,682196985;12,2484733;0,71757271
AaCor33;Adulto;A.fallax;Galicia;Corunha;1,179474505;12,70138091;0,712725575
AaCor42;Adulto;A.alosa;Galicia;Corunha;0,772370805;45,79374246;0,711392475
AaCor48;Adulto;A.alosa;Galicia;Corunha;0,845239209;8,882034892;0,711771401
AaCor51;Adulto;A.fallax;Galicia;Corunha;2,965651588;6,324005824;0,710169931
AaCor52;Adulto;A.fallax;Galicia;Corunha;1,59009746;12,9055034;0,716232089
AaCor61;Adulto;A.fallax;Galicia;Corunha;1,188918148;18,57233362;0,716101548
AaCor70;Adulto;A.fallax;Galicia;Corunha;2,989804719;4,378695158;0,709952939
AaCor80;Adulto;A.alosa;Galicia;Corunha;0,77362899;12,78777656;0,714347246
AaCor88;Adulto;A.fallax;Galicia;Corunha;2,076884679;20,73569362;0,714346566
AaCor99;Adulto;A.alosa;Galicia;Corunha;1,375008357;17,51179889;0,709956865
AaGUA04;Adulto;A.alosa;Galicia;Guarda;0,787624307;14,0427521;0,716155721
AaGUA08;Adulto;A.alosa;Galicia;Guarda;0,999885371;14,45726207;0,716090124
AaGUA10;Adulto;A.fallax;Galicia;Guarda;1,107913054;18,26249683;0,71607262
AaGUA14;Adulto;A.alosa;Galicia;Guarda;1,176827021;16,615601;0,715615135
AaGUA18;Adulto;A.fallax;Galicia;Guarda;1,258338159;14,82299165;0,715709993
AaGUA25;Adulto;A.fallax;Galicia;Guarda;1,118524786;29,25068008;0,716365695
AaGUA27;Adulto;A.alosa;Galicia;Guarda;1,138649376;22,4624433;0,715797722
AaGUA28;Adulto;A.alosa;Galicia;Guarda;0,560356618;6,199019667;0,716210489
AaGUA32;Adulto;A.fallax;Galicia;Guarda;1,813891381;8,044402237;0,710112623
AaGUA36;Adulto;A.alosa;Galicia;Guarda;0,745803517;13,26610779;0,715694602
AaGUA37;Adulto;A.alosa;Galicia;Guarda;0,826965157;12,68852741;0,715990476
AaGUA39;Adulto;A.alosa;Galicia;Guarda;1,284321177;10,11774976;0,714733675
AaGUA41;Adulto;A.alosa;Galicia;Guarda;1,137591739;24,63444649;0,718677879
AaGUA44;Adulto;A.alosa;Galicia;Guarda;0,822592103;13,46128562;0,716187085
AaGUA47;Adulto;A.alosa;Galicia;Guarda;0,755105558;6,931417028;0,715957946
AaGUA51;Adulto;A.fallax;Galicia;Guarda;1,357213995;34,56023801;0,714645191
AaGUA58;Adulto;A.fallax;Galicia;Guarda;2,10400637;40,73778747;0,712310165
AaGUA63;Adulto;A.alosa;Galicia;Guarda;0,950100963;21,81619238;0,715525491
AaMAL04;Adulto;A.fallax;Galicia;Malpica;1,440227223;19,4024025;0,713620675
AaMAL09;Adulto;A.alosa;Galicia;Malpica;0,819838573;10,23562833;0,714865538
AaMAL10;Adulto;A.fallax;Galicia;Malpica;1,794336715;17,25840119;0,714443913
AaMAL101;Adulto;A.alosa;Galicia;Malpica;0,761072395;12,76736489;0,718269921
AaMAL102;Adulto;A.alosa;Galicia;Malpica;1,145317523;18,61159112;0,715863964
AaMAL11;Adulto;A.fallax;Galicia;Malpica;2,039603535;18,13980144;0,7144664
AaMAL112;Adulto;A.alosa;Galicia;Malpica;0,821209931;19,74425528;0,714993123
AaMAL19;Adulto;A.alosa;Galicia;Malpica;1,18591285;19,81438389;0,709919079
AaMAL27;Adulto;A.fallax;Galicia;Malpica;1,47038411;27,5646666;0,715060068
AaMAL45;Adulto;A.fallax;Galicia;Malpica;1,532878378;21,27761408;0,714517705
AaMAL58;Adulto;A.fallax;Galicia;Malpica;2,942862564;7,025313881;0,709197888
AaMAL63;Adulto;A.alosa;Galicia;Malpica;1,047837646;22,63776541;0,715596831
AaMAL64;Adulto;A.fallax;Galicia;Malpica;1,050340947;16,03205239;0,714152128
AaMal68;Adulto;A.fallax;Galicia;Malpica;2,938211761;7,078214197;0,709265644
AaMAL69;Adulto;A.alosa;Galicia;Malpica;0,617120288;11,39145691;0,716401074
AaMAL93;Adulto;A.fallax;Galicia;Malpica;1,312984682;11,41358159;0,71408892
AaMAL95;Adulto;A.fallax;Galicia;Malpica;3,117993524;8,308345435;0,709800011
RLeGIL01;Agua;Agua;Galicia;Lerez;4,417995975;2918,837184;0,72032599
RTaGIL01;Agua;Agua;Galicia;Tambre;7,511877451;3076,662061;0,71195388
JMoANA01;Juvenil;A.alosa;Portugal;Mondego1;2,002176696;46,91304892;0,719956
JMoANA02;Juvenil;A.alosa;Portugal;Mondego1;1,016296942;14,12301593;0,718209
JMoANA03;Juvenil;A.alosa;Portugal;Mondego1;1,228212968;16,07276018;0,720411
JMoANA04;Juvenil;A.alosa;Portugal;Mondego1;1,009986912;11,51280563;0,720349
JMoANA05;Juvenil;A.alosa;Portugal;Mondego1;1,191078413;24,64718572;0,720185
JMoANA06;Juvenil;A.alosa;Portugal;Mondego1;1,278798981;30,56890552;0,719155
JMoANA08;Juvenil;A.alosa;Portugal;Mondego1;0,960886786;13,87963567;0,719873
JMoANA09;Juvenil;A.alosa;Portugal;Mondego1;0,930857891;18,62695927;0,718243
JMoANA10;Juvenil;A.alosa;Portugal;Mondego1;0,809836311;11,94686278;0,719499
JMoANA11;Juvenil;A.alosa;Portugal;Mondego1;1,426847759;18,81785357;0,719723
JMoANA12;Juvenil;A.alosa;Portugal;Mondego1;0,848096462;7,383344202;0,720286
JMoANA13;Juvenil;A.alosa;Portugal;Mondego1;0,846369778;12,66288598;0,719663
JMoANA14;Juvenil;A.alosa;Portugal;Mondego1;0,936172369;11,70197533;0,719994
JMoANA16;Juvenil;A.alosa;Portugal;Mondego1;0,999745711;10,14200549;0,721157
JMoANA17;Juvenil;A.alosa;Portugal;Mondego1;1,190683929;13,98449225;0,720244
JMoANA18;Juvenil;A.alosa;Portugal;Mondego1;1,36860539;22,58923262;0,719836
JMoANA19;Juvenil;A.alosa;Portugal;Mondego1;0,865157631;12,07966004;0,718954
APoANA01;Adulto;A.alosa;Portugal;Portugal;0,993606929;13,82203474;0,710174
APoANA02;Adulto;A.alosa;Portugal;Portugal;0,918735804;37,08995789;0,715731
APoANA03;Adulto;A.alosa;Portugal;Portugal;0,720183175;13,63320958;0,715861
APoANA04;Adulto;A.alosa;Portugal;Portugal;0,614182732;13,25733042;0,716923
APoANA05;Adulto;A.alosa;Portugal;Portugal;0,824682182;9,556018603;0,711144
APoANA06;Adulto;A.alosa;Portugal;Portugal;0,912815771;24,69405563;0,713788
APoANA07;Adulto;A.alosa;Portugal;Portugal;0,856215584;9,999974769;0,719816
APoANA08;Adulto;A.alosa;Portugal;Portugal;1,605444563;12,74051893;0,717536
APoANA09;Adulto;A.alosa;Portugal;Portugal;1,314748955;10,456601;0,718068
APoANA10;Adulto;A.alosa;Portugal;Portugal;0,90646299;11,03551824;0,713207
APoANA11;Adulto;A.alosa;Portugal;Portugal;0,931086312;17,99570649;0,715357
APoANA12;Adulto;A.alosa;Portugal;Portugal;2,351112737;3,10319116;0,714359
APoANA13;Adulto;A.alosa;Portugal;Portugal;0,552674062;11,16962268;0,716101
APoANA14;Adulto;A.alosa;Portugal;Portugal;0,638963197;17,71490507;0,710215
APoANA15;Adulto;A.alosa;Portugal;Portugal;1,471745955;2,311720495;0,711213042
APoANA16;Adulto;A.alosa;Portugal;Portugal;0,64275887;13,55924822;0,717379
APoANA17;Adulto;A.alosa;Portugal;Portugal;0,894116164;11,31394152;0,714287
APoANA18;Adulto;A.alosa;Portugal;Portugal;1,190396093;12,09105429;0,714889
APoANA19;Adulto;A.alosa;Portugal;Portugal;0,871724266;32,32526218;0,716808
APoANA20;Adulto;A.alosa;Portugal;Portugal;0,703496079;8,76366693;0,712315
APoANA21;Adulto;A.alosa;Portugal;Portugal;0,863108415;19,97135025;0,716794
APoANA22;Adulto;A.alosa;Portugal;Portugal;1,201558275;6,898919084;0,715381
APoANA23;Adulto;A.alosa;Portugal;Portugal;1,055776702;10,23448893;0,709935
APoANA24;Adulto;A.alosa;Portugal;Portugal;0,772225035;18,24342864;0,715328
APoANA25;Adulto;A.alosa;Portugal;Portugal;0,840079705;17,56111794;0,716147
RLiANA01;Agua;Agua;Portugal;Lima;5,052631579;2894,736842;0,721328
RLiANA02;Agua;Agua;Portugal;Lima;5,263157895;3368,421053;0,721738
RLiANA03;Agua;Agua;Portugal;Lima;5,647058824;3764,705882;0,722463
RTaANA01;Agua;Agua;Portugal;Tagus;16,47222222;416,6666667;0,7089602
RTaANA02;Agua;Agua;Portugal;Tagus;17,15789474;421,0526316;0,7090729
RTaANA03;Agua;Agua;Portugal;Tagus;18,05;350;0,7090189
RVoANA01;Agua;Agua;Portugal;Vouga1;5,319148936;936,1702128;0,7114172
RVoANA02;Agua;Agua;Portugal;Vouga1;5,280898876;910,1123596;0,7114968
RVoANA03;Agua;Agua;Portugal;Vouga2;5,238095238;2047,619048;0,7181913
RMoANA01;Agua;Agua;Portugal;Mondego1;4,285714286;1171,428571;0,7204925
RMoANA02;Agua;Agua;Portugal;Mondego1;5,625;1093,75;0,7201733
RMoANA03;Agua;Agua;Portugal;Mondego1;5,428571429;1085,714286;0,7200852
RMoANA04;Agua;Agua;Portugal;Mondego2;3,357142857;600;0,714876
RMoANA05;Agua;Agua;Portugal;Mondego1;5,428571429;971,4285714;0,7207633
RMoANA06;Agua;Agua;Portugal;Mondego1;5,882352941;911,7647059;0,7205125
RMoANA07;Agua;Agua;Portugal;Mondego1;5,555555556;944,4444444;0,7204255
RMoANA08;Agua;Agua;Portugal;Mondego2;4,252873563;632,183908;0,714876
RMoANA09;Agua;Agua;Portugal;Mondego1;5,238095238;857,1428571;0,7193274
RMoANA10;Agua;Agua;Portugal;Mondego2;3,736263736;593,4065934;0,7158618
RBiGIL01;Agua;Agua;Euskadi;Bidasoa;6,02614063;1073,70904;0,708747517
RBiGIL02;Agua;Agua;Euskadi;Bidasoa;5,932476215;1036,828734;0,70887479
RBiGIL03;Agua;Agua;Euskadi;Bidasoa;5,673175292;843,8148209;0,70878718
RBiGIL04;Agua;Agua;Euskadi;Bidasoa;4,920529429;612,6101828;0,708422665
ROiGIL01;Agua;Agua;Euskadi;Oiartzun;9,928074588;2680,780701;0,709031
RUrGIL01;Agua;Agua;Euskadi;Urumea;11,22771905;2693,906349;0,709484726
ROrGIL01;Agua;Agua;Euskadi;Oria;11,83488706;965,3114245;0,708350048
ROrGIL02;Agua;Agua;Euskadi;Oria;11,4579484;910,4595646;0,708336053
RAdGIL01;Agua;Agua;Francia;Adour;3,154277943;566,8564523;0,709642588
RAdGIL02;Agua;Agua;Francia;Adour;4,082897153;392,124317;0,709464151
RAdGIL03;Agua;Agua;Francia;Adour;4,159207422;399,4138019;0,709434314
RAdGIL04;Agua;Agua;Francia;Adour;3,038947682;619,6698982;0,709653247
RAdGIL05;Agua;Agua;Francia;Adour;4,157952999;436,9557203;0,709474918
RAdGIL06;Agua;Agua;Francia;Adour;3,814560829;919,9441074;0,709696515
RAdGIL07;Agua;Agua;Francia;Adour;3,077572985;1021,801016;0,709801565
RAdGIL08;Agua;Agua;Francia;Adour;3,943043534;891,672361;0,709598117
RNiGIL01;Agua;Agua;Francia;Nivelle;7,831900816;278,1869748;0,7083967
RNiGIL02;Agua;Agua;Francia;Nivelle;7,03336511;287,2577058;0,7085181
RNiGIL03;Agua;Agua;Francia;Nivelle;7,324033786;270,7960072;0,7084214
RNiGIL04;Agua;Agua;Francia;Nivelle;6,178476292;354,8215237;0,7087475
RNiGIL05;Agua;Agua;Francia;Nivelle;6,76541207;304,6722907;0,7085173
RNiGIL06;Agua;Agua;Francia;Nivelle;7,226692836;276,7419038;0,708426
RNiGIL07;Agua;Agua;Francia;Nivelle;7,25729927;294,0997567;0,7085102
RNiGIL08;Agua;Agua;Francia;Nivelle;6,721167207;377,9527559;0,708673
RNiGIL09;Agua;Agua;Francia;Nivelle;7,445821326;287,6080692;0,708519
RNiGIL10;Agua;Agua;Francia;Nivelle;7,45245478;282,4289406;0,7084668
RNiGIL11;Agua;Agua;Francia;Nivelle;7,232602479;253,5748332;0,708318
RNiGIL12;Agua;Agua;Francia;Nivelle;7,602440906;286,6719899;0,708205125
RNiGIL13;Agua;Agua;Francia;Nivelle;7,208196907;306,8507279;0,708360835
JUlDIA01;Juvenil;A.fallax;Galicia;Ulla;1,89;23,42;0,7154
JUlDIA02;Juvenil;A.fallax;Galicia;Ulla;1,56;20,14;0,7157
JUlDIA03;Juvenil;A.fallax;Galicia;Ulla;1,57;27,32;0,7149
JUlDIA04;Juvenil;A.fallax;Galicia;Ulla;1,74;16,78;0,714
JUlDIA05;Juvenil;A.fallax;Galicia;Ulla;1,63;23,8;0,7153
JUlDIA06;Juvenil;A.fallax;Galicia;Ulla;1,91;18,38;0,7145
JUlDIA07;Juvenil;A.fallax;Galicia;Ulla;1,62;23,35;0,7144
JUlDIA08;Juvenil;A.fallax;Galicia;Ulla;1,71;25,58;0,7143
JUlDIA09;Juvenil;A.fallax;Galicia;Ulla;1,6;27,08;0,7145
JUlDIA10;Juvenil;A.fallax;Galicia;Ulla;1,45;25,83;0,7166
JUlDIA11;Juvenil;A.fallax;Galicia;Ulla;1,46;26,27;0,7147
JUlDIA12;Juvenil;A.fallax;Galicia;Ulla;1,45;30,47;0,7147
JUlDIA13;Juvenil;A.fallax;Galicia;Ulla;1,54;21,01;0,7153
JUlDIA14;Juvenil;A.fallax;Galicia;Ulla;1,38;16,89;0,7149
JUlDIA15;Juvenil;A.fallax;Galicia;Ulla;1,62;26,25;0,7155
JUlDIA16;Juvenil;A.fallax;Galicia;Ulla;1,6;19,06;0,7149
JUlDIA17;Juvenil;A.fallax;Galicia;Ulla;1,64;19,62;0,7153
JUlDIA18;Juvenil;A.fallax;Galicia;Ulla;1,69;23,3;0,7142
JUlDIA19;Juvenil;A.fallax;Galicia;Ulla;1,58;23,94;0,7144
JUlDIA20;Juvenil;A.fallax;Galicia;Ulla;1,62;28,56;0,7159
JUlDIA21;Juvenil;A.fallax;Galicia;Ulla;1,82;15,76;0,7147
JMoDIA01;Juvenil;A.alosa;Portugal;Mondego2;0,59;11,5;0,7155
JMoDIA02;Juvenil;A.alosa;Portugal;Mondego1;0,93;13,91;0,7195
JMoDIA03;Juvenil;A.alosa;Portugal;Mondego1;0,91;16,97;0,7176
JMoDIA04;Juvenil;A.alosa;Portugal;Mondego2;0,56;9,17;0,7146
JMoDIA05;Juvenil;A.alosa;Portugal;Mondego2;0,59;8,45;0,7153
JMoDIA06;Juvenil;A.alosa;Portugal;Mondego2;0,54;6,33;0,715
JMoDIA07;Juvenil;A.alosa;Portugal;Mondego2;0,52;7,76;0,716
JMoDIA08;Juvenil;A.alosa;Portugal;Mondego2;0,54;7,18;0,7154
JMoDIA09;Juvenil;A.alosa;Portugal;Mondego2;0,54;6,53;0,7151
JMoDIA10;Juvenil;A.alosa;Portugal;Mondego2;0,45;5,98;0,715
JMoDIA11;Juvenil;A.alosa;Portugal;Mondego2;0,55;6,94;0,7157
JMoDIA12;Juvenil;A.alosa;Portugal;Mondego2;0,56;8,79;0,7149
JMoDIA13;Juvenil;A.alosa;Portugal;Mondego2;0,95;67,75;0,7165
JMoDIA14;Juvenil;A.alosa;Portugal;Mondego2;0,59;9,66;0,7152
JMoDIA15;Juvenil;A.alosa;Portugal;Mondego2;0,58;14,55;0,7163
JMoDIA16;Juvenil;A.alosa;Portugal;Mondego2;0,48;7,36;0,7148
JMoDIA17;Juvenil;A.alosa;Portugal;Mondego1;1,06;17,32;0,7199
JMoDIA18;Juvenil;A.alosa;Portugal;Mondego2;0,57;8,61;0,716
JMoDIA19;Juvenil;A.alosa;Portugal;Mondego1;1,1;19,77;0,7202
JMoDIA20;Juvenil;A.alosa;Portugal;Mondego2;0,52;7,92;0,7153
JMoDIA21;Juvenil;A.alosa;Portugal;Mondego1;1,33;33,64;0,7199
JMoDIA22;Juvenil;A.alosa;Portugal;Mondego1;1,17;26,24;0,72
JMoDIA23;Juvenil;A.alosa;Portugal;Mondego1;0,99;14,04;0,7199
JMoDIA24;Juvenil;A.alosa;Portugal;Mondego1;1,12;14,29;0,7201
JMoDIA25;Juvenil;A.alosa;Portugal;Mondego1;1,03;18,14;0,7183
JMoDIA26;Juvenil;A.alosa;Portugal;Mondego1;1,13;14,56;0,721
JMoDIA27;Juvenil;A.alosa;Portugal;Mondego1;1,1;17,87;0,7174
JMoDIA28;Juvenil;A.alosa;Portugal;Mondego1;1,39;30,77;0,7205
JMoDIA29;Juvenil;A.alosa;Portugal;Mondego1;1,45;33,37;0,7197
JMoDIA30;Juvenil;A.alosa;Portugal;Mondego1;1,02;25,49;0,7196
JMoDIA31;Juvenil;A.alosa;Portugal;Mondego1;1,01;13,7;0,7206
JMoDIA32;Juvenil;A.alosa;Portugal;Mondego1;1,09;22,74;0,719
JMoDIA33;Juvenil;A.alosa;Portugal;Mondego1;0,93;27,91;0,7201
JMoDIA34;Juvenil;A.alosa;Portugal;Mondego1;0,95;14,22;0,7195
JMoDIA35;Juvenil;A.alosa;Portugal;Mondego1;1,34;33,1;0,7203
JMoDIA36;Juvenil;A.alosa;Portugal;Mondego1;0,95;21,27;0,7172
JMoDIA37;Juvenil;A.alosa;Portugal;Mondego1;1,42;42,9;0,7204
